{"cameraMode":{"drawMode":0,"name":"Shaded","section":"Shading Mode"},"sceneLighting":true,"audioPlay":false,"sceneViewState":{"showFog":true,"showMaterialUpdate":true,"showSkybox":true,"showFlares":true,"showImageEffects":true,"showParticleSystems":true},"in2DMode":false,"pivot":{"x":-0.04192495346069336,"y":0.0,"z":0.042176246643066409},"rotation":{"x":-0.08780325204133988,"y":0.8984686732292175,"z":-0.2101900726556778,"w":-0.3753196895122528},"size":4.584106922149658,"orthographic":false}