{"cameraMode":{"drawMode":0,"name":"Shaded","section":"Shading Mode"},"sceneLighting":true,"audioPlay":false,"sceneViewState":{"showFog":true,"showMaterialUpdate":true,"showSkybox":true,"showFlares":true,"showImageEffects":true,"showParticleSystems":true},"in2DMode":false,"pivot":{"x":5.949167251586914,"y":28.761219024658204,"z":-22.509180068969728},"rotation":{"x":0.34099650382995608,"y":-0.010715021751821041,"z":0.003887850558385253,"w":0.9399961233139038},"size":3.936293601989746,"orthographic":false}